symbol,rows,start,end
ADANIPORTS,3540,2012-01-17,2026-09-11
ASIANPAINT,3941,2010-06-10,2026-09-11
AXISBANK,3941,2010-06-10,2026-09-11
BAJAJ-AUTO,3941,2010-06-10,2026-09-11
BAJAJFINSV,3941,2010-06-10,2026-09-11
BAJFINANCE,3863,2010-09-29,2026-09-11
BHARTIARTL,3940,2010-06-10,2026-09-11
BPCL,3940,2010-06-10,2026-09-11
BRITANNIA,3940,2010-06-10,2026-09-11
CIPLA,3940,2010-06-10,2026-09-11
COALINDIA,3836,2010-11-04,2026-09-11
DRREDDY,3940,2010-06-10,2026-09-11
EICHERMOT,3940,2010-06-10,2026-09-11
GAIL,3940,2010-06-10,2026-09-11
GRASIM,3940,2010-06-10,2026-09-11
HCLTECH,3940,2010-06-10,2026-09-11
HDFC,3204,2010-06-10,2023-07-12
HDFCBANK,3940,2010-06-10,2026-09-11
HEROMOTOCO,3647,2011-08-08,2026-09-11
HINDALCO,3940,2010-06-10,2026-09-11
HINDUNILVR,3940,2010-06-10,2026-09-11
ICICIBANK,3940,2010-06-10,2026-09-11
INDUSINDBK,3940,2010-06-10,2026-09-11
INDUSTOWER,3305,2012-12-28,2026-09-11
INFY,3675,2011-06-29,2026-09-11
IOC,3940,2010-06-10,2026-09-11
ITC,3940,2010-06-10,2026-09-11
JSWSTEEL,3940,2010-06-10,2026-09-11
KOTAKBANK,3940,2010-06-10,2026-09-11
LT,3940,2010-06-10,2026-09-11
M&M,3940,2010-06-10,2026-09-11
MARUTI,3940,2010-06-10,2026-09-11
NESTLEIND,3940,2010-06-10,2026-09-11
NTPC,3940,2010-06-10,2026-09-11
ONGC,3940,2010-06-10,2026-09-11
POWERGRID,3940,2010-06-10,2026-09-11
RELIANCE,3940,2010-06-10,2026-09-11
SBIN,3940,2010-06-10,2026-09-11
SHREECEM,3940,2010-06-10,2026-09-11
SUNPHARMA,3940,2010-06-10,2026-09-11
TATAMOTORS,3724,2010-06-10,2025-10-23
TATASTEEL,3940,2010-06-10,2026-09-11
TCS,3940,2010-06-10,2026-09-11
TECHM,3940,2010-06-10,2026-09-11
TITAN,3940,2010-06-10,2026-09-11
ULTRACEMCO,3940,2010-06-10,2026-09-11
UPL,3104,2013-10-23,2026-09-11
VEDL,2731,2015-05-07,2026-09-11
WIPRO,3940,2010-06-10,2026-09-11
ZEEL,3940,2010-06-10,2026-09-11
